enabled,player_id,player_name,team,minutes_pg,fgm_pg,fga_pg,ftm_pg,fta_pg,threes_pg,points_pg,rebounds_pg,assists_pg,steals_pg,blocks_pg,turnovers_pg,note,source
false,1629630,Ja Morant,POR,31.0,7.4,17.2,5.4,6.6,1.3,15.5,4.0,7.8,1.0,0.3,3.5,Optional override: only 20 games in 2025-26 and new Portland context; disabled by default.,https://www.basketball-reference.com/players/m/moranja01.html
true,curryst01,Stephen Curry,GSW,30.906976744186046,8.7,18.58,4.74,5.14,4.42,26.56,3.58,4.72,1.14,0.4,2.81,Edited in BirdBoard,BirdBoard manual override
true,bryanca01,Carter Bryant,SAS,11.52112676056338,1.52,3.73,0.42,0.59,0.73,4.2,2.51,0.66,0.23,0.32,0.46,Edited in BirdBoard,BirdBoard manual override
true,wembavi01,Victor Wembanyama,SAS,29.15625,8.64,16.88,5.81,7.03,1.91,26.0,13.0,3.11,1.03,3.08,2.42,Edited in BirdBoard,BirdBoard manual override
true,gilgesh01,Shai Gilgeous-Alexander,OKC,33.220588235294116,10.3,19.43,7.94,9.03,1.69,31.13,4.29,6.59,1.4,0.76,2.22,Edited in BirdBoard,BirdBoard manual override
true,maxeyty01,Tyrese Maxey,PHI,38.01428571428571,9.0,19.0,5.31,5.96,2.8,23.0,2.6,7.4,1.86,0.79,2.44,Edited in BirdBoard,BirdBoard manual override
true,murraja01,Jamal Murray,DEN,35.36,8.0,18.13,4.61,5.2,3.27,25.4,4.4,7.13,0.88,0.39,2.28,Edited in BirdBoard,BirdBoard manual override
true,markkla01,Lauri Markkanen,UTA,34.357142857142854,8.8,18.0,5.71,6.38,2.6,25.0,6.88,2.12,1.0,0.5,1.5,Edited in BirdBoard,BirdBoard manual override
true,cunnica01,Cade Cunningham,DET,33.9375,8.56,18.58,4.84,5.97,2.2,25.0,5.55,9.91,1.44,0.84,3.69,Edited in BirdBoard,BirdBoard manual override
true,johnsja05,Jalen Johnson,ATL,35.166666666666664,8.33,17.06,4.18,5.31,1.67,22.51,10.28,7.86,1.24,0.43,3.39,Edited in BirdBoard,BirdBoard manual override
true,flaggco01,Cooper Flagg,DAL,33.48571428571429,8.7,18.0,5.1,6.0,2.0,25.0,8.0,4.5,1.2,1.2,2.2,Edited in BirdBoard,BirdBoard manual override
true,barnesc01,Scottie Barnes,TOR,33.5125,7.11,14.04,4.1,5.0,0.85,19.0,7.5,5.92,1.43,1.45,2.62,Edited in BirdBoard,BirdBoard manual override
true,edwaran01,Anthony Edwards,MIN,35.032786885245905,9.87,20.18,6.0,7.16,3.5,30.0,4.95,3.7,1.36,0.8,2.8,Edited in BirdBoard,BirdBoard manual override
true,murphtr02,Trey Murphy III,NOP,35.46969696969697,7.2,15.91,3.3,3.73,3.24,21.52,5.71,3.79,1.5,0.36,1.82,Edited in BirdBoard,BirdBoard manual override
true,mitchdo01,Donovan Mitchell,CLE,33.457142857142856,9.0,20.04,5.31,6.14,3.2,27.2,4.5,5.69,1.49,0.29,2.83,Edited in BirdBoard,BirdBoard manual override
true,doncilu01,Luka Dončić,LAL,35.765625,12.0,25.0,7.86,10.08,3.97,35.0,7.73,8.28,1.64,0.53,3.98,Edited in BirdBoard,BirdBoard manual override
true,tatumja01,Jayson Tatum,BOS,32.625,9.2,20.0,5.1,6.2,2.94,30.0,7.4,5.2,1.38,0.19,2.6,Edited in BirdBoard,BirdBoard manual override
true,hardeja01,James Harden,2TM,34.82857142857143,6.1,14.0,6.61,7.49,3.07,21.0,4.0,9.5,1.13,0.4,3.5,Edited in BirdBoard,BirdBoard manual override
true,reaveau01,Austin Reaves,LAL,34.549019607843135,8.8,18.0,8.0,9.0,2.31,26.0,4.71,5.49,1.1,0.39,2.96,Edited in BirdBoard,BirdBoard manual override
true,embiijo01,Joel Embiid,PHI,31.605263157894736,8.97,18.34,7.53,8.82,1.39,26.0,7.71,3.95,0.2,1.0,2.87,Edited in BirdBoard,BirdBoard manual override
true,holmgch01,Chet Holmgren,OKC,28.942028985507246,6.29,11.29,3.26,4.12,1.2,17.2,8.91,1.67,0.62,2.2,1.55,Edited in BirdBoard,BirdBoard manual override
true,davisan02,Anthony Davis,DAL,31.3,8.45,16.7,2.95,4.05,0.5,20.35,11.05,2.8,0.9,1.4,2.05,Edited in BirdBoard,BirdBoard manual override
true,halibty01,Tyrese Haliburton,,0.0,8.6,18.0,3.0,3.5,3.0,20.0,3.0,10.0,1.1,0.2,2.2,Edited in BirdBoard,BirdBoard manual override
true,porteke02,Kevin Porter Jr.,MIL,33.18421052631579,6.29,13.53,3.61,4.11,1.21,17.39,5.21,4.2,1.1,0.5,2.89,Edited in BirdBoard,BirdBoard manual override
true,townska01,Karl-Anthony Towns,NYK,30.96,6.89,13.76,4.76,5.55,1.81,20.4,13.0,3.01,0.87,0.53,2.49,Edited in BirdBoard,BirdBoard manual override
true,kesslwa01,Walker Kessler,UTA,30.8,5.1,7.4,2.8,4.0,1.0,16.7,12.0,1.0,0.3,2.6,3.2,Edited in BirdBoard,BirdBoard manual override
true,butleji01,Jimmy Butler,GSW,31.105263157894736,6.32,12.16,6.53,7.55,0.84,20.0,5.55,4.87,1.45,0.21,1.58,Edited in BirdBoard,BirdBoard manual override
true,portemi01,Michael Porter Jr.,BRK,32.48076923076923,7.0,15.0,3.0,3.5,3.0,21.0,7.06,3.04,1.06,0.25,2.35,Edited in BirdBoard,BirdBoard manual override
true,whitede01,Derrick White,BOS,34.09090909090909,6.4,14.39,2.39,2.65,3.0,19.5,4.4,5.38,1.14,1.1,1.74,Edited in BirdBoard,BirdBoard manual override
true,alexani01,Nickeil Alexander-Walker,ATL,33.37179487179487,6.9,15.32,3.4,3.94,3.22,20.0,3.44,3.67,1.31,0.54,2.08,Edited in BirdBoard,BirdBoard manual override
true,clingdo01,Donovan Clingan,POR,27.194805194805195,5.2,8.88,1.79,2.64,1.09,14.0,12.0,2.1,0.57,1.69,1.23,Edited in BirdBoard,BirdBoard manual override
true,adebaba01,Bam Adebayo,MIA,32.397260273972606,7.2,15.0,4.51,5.79,1.9,18.0,9.0,3.2,1.18,0.67,1.5,Edited in BirdBoard,BirdBoard manual override
true,youngtr01,Trae Young,2TM,25.6,5.4,11.8,5.33,6.47,2.7,21.2,3.0,11.8,0.87,0.1,4.0,Edited in BirdBoard,BirdBoard manual override
true,richmka01,Kadary Richmond,WAS,22.333333333333332,3.33,5.33,1.0,1.0,0.67,8.33,3.33,2.67,2.67,0.33,0.67,Edited in BirdBoard,BirdBoard manual override
true,durenja01,Jalen Duren,DET,28.228571428571428,7.46,11.47,4.59,6.14,0.0,19.5,10.53,1.97,0.81,0.84,1.86,Edited in BirdBoard,BirdBoard manual override
true,mobleev01,Evan Mobley,CLE,31.907692307692308,7.6,13.22,3.0,4.57,0.95,19.0,9.02,3.6,0.74,1.9,1.88,Edited in BirdBoard,BirdBoard manual override
true,duranke01,Kevin Durant,HOU,36.41025641025641,9.18,17.64,5.23,5.99,2.38,25.0,5.46,4.0,0.79,0.91,3.15,Edited in BirdBoard,BirdBoard manual override
true,thompam01,Amen Thompson,HOU,37.379746835443036,7.05,13.2,3.85,4.94,0.32,18.27,7.77,5.32,1.51,1.1,2.0,Edited in BirdBoard,BirdBoard manual override
true,okongon01,Onyeka Okongwu,ATL,31.04054054054054,5.58,11.62,2.07,2.73,1.95,15.18,7.59,3.12,1.11,1.07,1.72,Edited in BirdBoard,BirdBoard manual override
true,willial06,Alondes Williams,WAS,25.25,4.0,6.5,1.75,2.0,1.25,11.0,6.25,3.0,0.75,0.75,1.25,Edited in BirdBoard,BirdBoard manual override
true,ballla01,LaMelo Ball,CHO,28.01388888888889,7.03,17.28,3.8,4.5,3.78,24.0,4.82,9.0,1.21,0.24,3.0,Edited in BirdBoard,BirdBoard manual override
true,edeyza01,Zach Edey,MEM,25.818181818181817,6.5,10.0,2.27,2.91,0.09,14.0,12.0,1.09,0.64,2.0,2.36,Edited in BirdBoard,BirdBoard manual override
true,jeromty01,Ty Jerome,MEM,22.6,6.8,14.33,3.2,3.73,2.8,19.2,2.8,5.67,1.07,0.27,1.8,Edited in BirdBoard,BirdBoard manual override
true,georgpa01,Paul George,PHI,30.675675675675677,5.7,13.86,2.46,3.0,3.0,18.0,5.3,3.59,1.68,0.43,1.73,Edited in BirdBoard,BirdBoard manual override
true,sengual01,Alperen Şengün,HOU,33.30555555555556,8.5,15.6,3.61,5.22,0.56,19.0,8.89,6.18,1.18,1.07,3.0,Edited in BirdBoard,BirdBoard manual override
true,brunsja01,Jalen Brunson,NYK,35.0,9.31,19.93,4.78,5.69,2.64,26.04,3.34,6.8,0.77,0.11,2.36,Edited in BirdBoard,BirdBoard manual override
true,sarral01,Alex Sarr,WAS,27.1875,6.6,13.0,2.1,3.04,1.04,17.0,7.2,2.71,0.81,1.5,1.71,Edited in BirdBoard,BirdBoard manual override
true,jamesle01,LeBron James,LAL,33.15,5.3,10.0,3.88,5.27,1.28,19.0,6.0,8.6,1.0,0.58,2.98,Edited in BirdBoard,BirdBoard manual override
true,brownja02,Jaylen Brown,BOS,34.40845070422535,8.8,18.0,5.4,6.8,1.97,25.7,6.93,3.3,1.01,0.38,3.0,Edited in BirdBoard,BirdBoard manual override
true,herroty01,Tyler Herro,MIA,31.303030303030305,7.2,15.61,3.1,3.5,2.8,25.0,4.79,5.2,0.7,0.36,2.4,Edited in BirdBoard,BirdBoard manual override
true,giddejo01,Josh Giddey,CHI,32.05555555555556,5.94,13.28,3.3,4.22,1.91,17.02,8.3,9.15,1.02,0.5,3.63,Edited in BirdBoard,BirdBoard manual override
true,anunoog01,OG Anunoby,NYK,33.19402985074627,5.81,12.0,2.73,3.3,2.34,16.69,5.24,2.16,1.55,0.72,1.84,Edited in BirdBoard,BirdBoard manual override
true,banede01,Desmond Bane,ORL,33.609756097560975,6.6,14.0,3.83,4.22,3.0,19.2,4.12,4.12,1.05,0.45,2.0,Edited in BirdBoard,BirdBoard manual override
true,bridgmi01,Mikal Bridges,NYK,32.829268292682926,5.76,11.74,0.99,1.2,1.9,14.4,3.8,3.71,1.3,0.76,1.01,Edited in BirdBoard,BirdBoard manual override
true,vucevni01,Nikola Vučević,2TM,28.40625,5.0,10.0,1.2,1.45,1.0,13.0,6.0,3.0,0.61,0.64,1.0,Edited in BirdBoard,BirdBoard manual override
true,hezonma01,Mario Hezonja,,0.0,2.0,5.0,1.0,1.2,1.0,5.0,3.0,1.0,0.1,0.2,1.1,Edited in BirdBoard,BirdBoard manual override
true,thomaca02,Cam Thomas,2TM,20.976190476190474,4.5,10.98,3.26,4.02,1.24,13.5,1.69,2.57,0.21,0.1,1.76,Edited in BirdBoard,BirdBoard manual override
true,daniedy01,Dyson Daniels,ATL,33.1578947368421,5.29,10.22,0.99,1.61,1.0,12.4,6.84,5.91,1.96,0.41,1.78,Edited in BirdBoard,BirdBoard manual override
true,millebr02,Brandon Miller,CHO,30.276923076923076,8.3,19.0,3.5,4.0,3.14,24.0,5.2,3.34,1.02,0.68,2.51,Edited in BirdBoard,BirdBoard manual override
true,irvinky01,Kyrie Irving,,0.0,8.9,18.9,3.8,4.3,3.0,23.7,4.1,5.6,1.3,0.4,2.5,Edited in BirdBoard,BirdBoard manual override
true,vanvlfr01,Fred VanVleet,,0.0,4.8,12.7,1.9,2.3,2.7,15.0,3.4,6.0,1.4,0.3,2.0,Edited in BirdBoard,BirdBoard manual override
true,boozeca02,Cameron Boozer,,0.0,7.0,13.8,3.0,3.9,1.2,18.2,8.4,3.6,1.2,0.5,2.5,Edited in BirdBoard,BirdBoard manual override
true,wilsoca01,Caleb Wilson,,0.0,6.1,12.1,3.2,4.5,0.9,16.8,7.6,2.2,1.1,1.2,2.3,Edited in BirdBoard,BirdBoard manual override
true,dybanaj01,AJ Dybantsa,,0.0,6.1,13.2,4.1,5.3,1.3,18.1,5.7,2.9,1.0,0.6,2.2,Edited in BirdBoard,BirdBoard manual override
true,peterda02,Darryn Peterson,,0.0,7.15,16.07,2.9,3.54,2.1,19.3,4.4,3.5,1.2,0.4,2.6,Edited in BirdBoard,BirdBoard manual override
true,acuffda01,Darius Acuff Jr.,,0.0,5.25,12.0,2.6,3.2,1.8,14.9,2.6,4.8,0.8,0.2,2.4,Edited in BirdBoard,BirdBoard manual override
true,wagleke01,Keaton Wagler,,0.0,4.55,10.3,2.15,2.65,1.75,13.0,3.6,3.2,0.8,0.3,1.7,Edited in BirdBoard,BirdBoard manual override
true,brownmi02,Mikel Brown Jr.,,0.0,5.1,12.0,2.7,3.2,1.8,14.7,3.1,4.6,1.1,0.2,2.5,Edited in BirdBoard,BirdBoard manual override
true,flemiki01,Kingston Flemings,,0.0,4.3,9.5,2.0,2.4,1.2,11.8,3.3,4.2,1.1,0.3,1.7,Edited in BirdBoard,BirdBoard manual override
true,lendeya01,Yaxel Lendeborg,,0.0,4.4,8.7,1.9,2.3,1.1,11.8,6.3,2.7,1.1,0.8,1.5,Edited in BirdBoard,BirdBoard manual override
true,maraad01,Aday Mara,,0.0,3.1,4.85,1.05,1.85,0.05,7.3,4.8,1.5,0.3,1.25,1.5,Edited in BirdBoard,BirdBoard manual override
true,amentna01,Nate Ament,,0.0,4.45,10.6,2.35,3.0,1.35,12.6,5.1,2.1,0.9,0.5,1.8,Edited in BirdBoard,BirdBoard manual override
true,lopezka01,Karim López,,0.0,3.2,6.8,1.45,2.05,0.7,8.55,4.3,1.4,0.8,0.65,1.25,Edited in BirdBoard,BirdBoard manual override
true,peatko01,Koa Peat,,0.0,3.45,6.75,1.55,2.35,0.55,9.0,4.6,1.9,0.6,0.55,1.45,Edited in BirdBoard,BirdBoard manual override
true,goberru01,Rudy Gobert,MIN,31.31578947368421,4.41,6.46,2.09,3.97,0.0,12.0,12.0,1.68,0.76,1.63,1.39,Edited in BirdBoard,BirdBoard manual override
true,mcdanja02,Jaden McDaniels,MIN,31.726027397260275,5.71,11.08,2.01,2.41,1.5,15.85,4.1,2.73,1.11,1.0,1.79,Edited in BirdBoard,BirdBoard manual override
true,ingrabr01,Brandon Ingram,TOR,33.81818181818182,7.97,16.73,3.79,4.62,1.75,21.49,5.58,3.2,0.75,0.71,2.43,Edited in BirdBoard,BirdBoard manual override
true,randlju01,Julius Randle,MIN,33.037974683544306,7.34,15.28,5.04,6.28,1.38,23.0,7.2,5.3,1.09,0.23,2.9,Edited in BirdBoard,BirdBoard manual override
true,foxde01,De'Aaron Fox,SAS,30.98611111111111,7.07,14.54,2.6,3.42,1.82,18.56,3.75,6.0,1.24,0.26,2.28,Edited in BirdBoard,BirdBoard manual override
true,sheppre01,Reed Sheppard,HOU,26.182926829268293,4.96,11.54,0.84,1.05,2.77,13.0,2.9,2.8,1.49,0.66,1.5,Edited in BirdBoard,BirdBoard manual override
true,hartjo01,Josh Hart,NYK,30.21212121212121,4.56,8.97,1.36,1.89,1.52,12.0,7.36,4.8,1.14,0.26,1.94,Edited in BirdBoard,BirdBoard manual override
true,murrake02,Keegan Murray,SAC,34.47826086956522,6.0,13.04,1.65,2.13,1.35,15.0,5.74,1.65,1.04,1.57,1.17,Edited in BirdBoard,BirdBoard manual override
true,reidna01,Naz Reid,MIN,26.064935064935064,5.1,11.31,1.17,1.6,2.2,15.3,7.4,2.4,0.99,1.1,1.64,Edited in BirdBoard,BirdBoard manual override
true,powelno01,Norman Powell,MIA,29.603448275862068,7.26,15.43,4.53,5.48,2.69,20.0,3.5,2.47,1.1,0.24,1.91,Edited in BirdBoard,BirdBoard manual override
true,allengr01,Grayson Allen,PHO,28.764705882352942,5.27,13.08,2.82,3.29,3.0,14.3,3.04,3.0,1.35,0.25,1.63,Edited in BirdBoard,BirdBoard manual override
true,rolliry01,Ryan Rollins,MIL,32.108108108108105,6.57,13.92,1.69,2.12,2.4,17.8,3.1,5.4,1.49,0.4,2.72,Edited in BirdBoard,BirdBoard manual override
true,derozde01,DeMar DeRozan,SAC,31.246753246753247,5.5,11.0,3.6,4.2,0.61,14.0,2.94,3.1,1.04,0.3,1.25,Edited in BirdBoard,BirdBoard manual override
true,holidjr01,Jrue Holiday,POR,29.433962264150942,4.89,11.0,1.66,1.98,2.2,13.0,4.0,5.0,1.02,0.11,2.75,Edited in BirdBoard,BirdBoard manual override
true,mcbrimi01,Miles McBride,NYK,26.341463414634145,4.17,9.85,0.9,1.15,2.2,11.0,2.4,2.5,0.85,0.22,0.8,Edited in BirdBoard,BirdBoard manual override
true,aldamsa01,Santi Aldama,MEM,27.86046511627907,5.3,11.07,1.77,2.65,1.63,15.0,6.67,2.93,0.86,0.72,1.28,Edited in BirdBoard,BirdBoard manual override
true,georgky01,Kyshawn George,WAS,28.979166666666668,4.8,11.0,2.19,2.73,2.06,13.0,5.0,4.0,1.0,0.9,2.2,Edited in BirdBoard,BirdBoard manual override
true,nembhan01,Andrew Nembhard,IND,31.333333333333332,6.4,13.21,3.39,4.11,1.88,16.95,2.81,5.5,0.89,0.14,2.4,Edited in BirdBoard,BirdBoard manual override
true,wallaca01,Cason Wallace,OKC,26.571428571428573,4.6,10.2,1.62,2.0,1.7,11.9,3.6,3.3,2.0,0.5,1.1,Edited in BirdBoard,BirdBoard manual override
true,banchpa01,Paolo Banchero,ORL,34.75,7.5,16.0,6.35,8.19,1.17,23.1,8.39,5.18,0.71,0.56,3.08,Edited in BirdBoard,BirdBoard manual override
true,garlada01,Darius Garland,2TM,29.866666666666667,6.87,14.93,2.33,2.71,2.71,18.78,2.38,6.8,0.96,0.18,2.89,Edited in BirdBoard,BirdBoard manual override
true,willizi01,Zion Williamson,NOP,29.693548387096776,7.81,13.02,5.37,7.5,0.02,21.0,5.69,3.21,0.97,0.55,2.03,Edited in BirdBoard,BirdBoard manual override
true,lavinza01,Zach LaVine,SAC,31.384615384615383,6.72,14.03,3.21,3.64,2.54,19.18,2.77,2.28,0.72,0.26,1.9,Edited in BirdBoard,BirdBoard manual override
true,washipj01,P.J. Washington,DAL,31.0,5.29,11.75,2.23,3.25,1.36,14.16,7.04,1.75,0.98,1.07,1.68,Edited in BirdBoard,BirdBoard manual override
true,burribr01,Brayden Burries,,0.0,5.0,10.0,2.3,2.85,1.55,13.85,4.1,2.7,1.2,0.35,1.65,Edited in BirdBoard,BirdBoard manual override
true,mbengbe01,Bez Mbeng,UTA,32.8,3.33,6.67,1.07,1.67,0.4,8.13,3.8,4.13,2.27,0.33,1.47,Edited in BirdBoard,BirdBoard manual override
true,johnsca02,Cameron Johnson,DEN,30.5,4.22,8.8,1.74,2.07,2.04,12.22,3.81,2.44,0.74,0.39,0.87,Edited in BirdBoard,BirdBoard manual override
true,cartewe01,Wendell Carter Jr.,ORL,29.333333333333332,4.18,8.17,2.54,3.21,0.92,11.0,7.2,1.97,0.77,0.63,1.28,Edited in BirdBoard,BirdBoard manual override
true,wagnefr01,Franz Wagner,ORL,29.970588235294116,7.18,14.91,4.79,5.82,1.41,22.0,5.4,3.5,0.94,0.32,1.71,Edited in BirdBoard,BirdBoard manual override
true,kuminjo01,Jonathan Kuminga,2TM,23.055555555555557,5.9,11.9,3.1,4.2,1.1,16.0,6.3,2.5,0.7,0.4,1.7,Edited in BirdBoard,BirdBoard manual override
true,lillada01,Damian Lillard,,0.0,7.3,17.0,5.8,6.5,2.8,22.6,4.0,6.0,1.0,0.3,3.0,Edited in BirdBoard,BirdBoard manual override
true,willija06,Jalen Williams,OKC,28.363636363636363,8.35,16.8,4.2,5.0,1.7,22.7,5.4,6.0,1.6,0.5,2.3,Edited in BirdBoard,BirdBoard manual override
true,antetgi01,Giannis Antetokounmpo,MIL,28.86111111111111,10.36,16.61,6.44,9.92,0.42,29.0,12.0,7.0,0.94,1.1,3.19,Edited in BirdBoard,BirdBoard manual override
true,jacksja02,Jaren Jackson Jr.,2TM,30.291666666666668,7.12,14.98,3.4,4.23,1.75,17.0,5.67,1.96,1.1,1.9,2.23,Edited in BirdBoard,BirdBoard manual override
true,jokicni01,Nikola Jokić,DEN,34.84615384615385,9.91,17.42,6.14,7.38,1.72,27.68,12.86,10.72,1.42,0.82,3.74,Edited in BirdBoard,BirdBoard manual override
true,suggsja01,Jalen Suggs,ORL,27.614035087719298,4.95,11.39,1.75,2.05,2.2,14.0,4.0,5.0,1.7,0.7,2.5,Edited in BirdBoard,BirdBoard manual override
true,knuepko01,Kon Knueppel,CHO,31.493827160493826,7.2,16.0,2.5,2.79,4.0,21.0,6.0,4.5,0.9,0.3,2.3,Edited in BirdBoard,BirdBoard manual override
true,avdijde01,Deni Avdija,POR,33.31818181818182,7.45,16.12,7.41,9.24,1.89,23.0,7.0,6.0,0.77,0.62,3.0,Edited in BirdBoard,BirdBoard manual override
true,wareke01,Kel'el Ware,MIA,22.12987012987013,6.0,11.0,1.5,2.0,1.4,16.0,12.0,1.2,0.77,1.3,1.4,Edited in BirdBoard,BirdBoard manual override
true,bookede01,Devin Booker,PHO,33.53125,8.53,18.72,7.09,8.12,2.2,26.0,3.88,6.03,0.8,0.28,3.0,Edited in BirdBoard,BirdBoard manual override
true,wiggian01,Andrew Wiggins,MIA,30.33823529411765,5.74,12.07,1.87,2.38,2.2,13.0,4.5,2.5,1.12,1.01,1.3,Edited in BirdBoard,BirdBoard manual override
true,edgecvj01,VJ Edgecombe,PHI,34.973333333333336,6.15,13.55,2.1,2.55,2.3,15.0,5.4,3.8,1.43,0.52,1.5,Edited in BirdBoard,BirdBoard manual override
true,quickim01,Immanuel Quickley,TOR,31.87142857142857,5.5,12.0,2.43,2.96,2.2,15.0,4.03,6.1,1.0,0.07,1.6,Edited in BirdBoard,BirdBoard manual override
true,buzelma01,Matas Buzelis,CHI,29.194805194805195,5.79,12.51,2.5,3.09,2.5,20.0,6.0,2.5,1.0,1.7,2.5,Edited in BirdBoard,BirdBoard manual override
true,pritcpa01,Payton Pritchard,BOS,32.35443037974684,6.41,13.81,1.53,1.72,3.0,18.0,3.95,5.5,0.73,0.13,1.38,Edited in BirdBoard,BirdBoard manual override
true,georgke01,Keyonte George,UTA,33.074074074074076,6.3,14.0,5.7,6.3,2.2,21.0,3.69,6.0,1.0,0.26,3.0,Edited in BirdBoard,BirdBoard manual override
true,quetane01,Neemias Queta,BOS,25.342105263157894,4.4,6.57,1.73,2.3,0.01,12.0,8.0,1.7,0.8,1.32,0.99,Edited in BirdBoard,BirdBoard manual override
true,murrade01,Dejounte Murray,NOP,27.785714285714285,6.1,13.0,2.7,3.21,1.5,17.0,6.0,7.0,1.64,0.21,3.36,Edited in BirdBoard,BirdBoard manual override
true,allenja01,Jarrett Allen,CLE,27.125,6.1,9.43,3.3,4.66,0.02,15.36,9.0,1.79,0.98,1.0,1.34,Edited in BirdBoard,BirdBoard manual override
true,porzikr01,Kristaps Porziņģis,2TM,24.03125,5.41,12.12,4.16,4.94,2.0,18.0,6.0,2.53,0.6,1.5,1.28,Edited in BirdBoard,BirdBoard manual override
true,smithja05,Jabari Smith Jr.,HOU,35.12987012987013,5.69,12.65,2.1,2.71,2.35,15.78,6.87,1.86,0.73,0.92,1.36,Edited in BirdBoard,BirdBoard manual override
